uuid,name,surname,email,phone_number,status,klasa,discord_name,hour_rate
bfb8bfe9-5116-4abf-ba15-552280cb04ec,Bob,Kowal,bob@gmail.com,343564765,1,1 Liceum,bob#4777,80
29567e08-306b-49f6-b7ed-d56a069d3c8b,Jakub,Jaskolski,kubajaskolski12@gmail.com,694518746,4,null,null,140
96b3f99f-78ff-45c7-aa6c-b74c6f9b34ae,Yule,Hercules,yhercules0@pbs.org,337525663,3,turpis adipiscing,yhercules0,166
d66ba8bf-7a41-4b8d-bf26-72616e80db02,Euell,Blaik,eblaik1@usgs.gov,334007870,3,congue,eblaik1,51
5b86bda9-3dfc-4d52-8d33-4f0f89d7f6d0,Jarrad,Massinger,jmassinger2@seattletimes.com,757018530,0,lobortis,jmassinger2,164
6b4f908b-aaea-43e7-a874-ad0403c0198c,Ashien,Toombes,atoombes3@hhs.gov,678069507,3,sit amet,atoombes3,169
575d8dd9-0958-41a7-a41c-4d681d66f0b2,Henrik,Trinder,htrinder4@surveymonkey.com,271257787,3,est risus,htrinder4,31
644337ec-9be4-42e2-8712-6b06e1cfc678,Joceline,Polini,jpolini5@google.nl,617758593,2,eu interdum,jpolini5,187
fe18c540-c1a7-4a99-97f3-f57395679eab,Homer,Dowty,hdowty6@github.io,751577485,1,sapien,hdowty6,191
668a1d53-e45d-4dd1-ab63-21454883dac6,Benson,Prebble,bprebble7@wisc.edu,729586907,1,nisi venenatis,bprebble7,128
8babc3c2-0e40-4666-9b56-8b682a33f702,Obie,Durtnall,odurtnall8@theglobeandmail.com,139644019,3,etiam vel,odurtnall8,41
ac4f63e1-dcc0-4bcd-8ac5-d25438595ee0,Malachi,Garlinge,mgarlinge9@php.net,867729820,3,et,mgarlinge9,114
7c2c8cec-7ab8-4dd9-b725-1b303589dced,Normie,Flegg,nflegga@noaa.gov,253907062,3,nec,nflegga,87
2fcd03f7-0927-45fe-ab6c-587464b7174b,Mellisent,Klain,mklainb@mapquest.com,225011974,2,justo eu,mklainb,130
b8c99ba8-d445-46c5-b600-705f9b411057,Wade,Bruyns,wbruynsc@friendfeed.com,398299909,1,orci mauris,wbruynsc,32
6c67e23c-1489-465c-9dbe-8fd4d9bc84fe,Haley,Gorgl,hgorgld@sciencedirect.com,228987532,2,lacinia erat,hgorgld,137
e7e3ed57-4894-4b27-bc0c-b0c1d25bf005,Janene,Beacom,jbeacome@bbb.org,519035390,2,pede malesuada,jbeacome,56
50bfc8e5-94be-437f-b0a0-9b392fb79086,Elspeth,Rountree,erountreef@ifeng.com,338288681,1,ipsum,erountreef,47
c5d38fa8-cd77-415c-ab0f-2f2d2fb6c578,Julita,Delatour,jdelatourg@salon.com,400802083,3,ut odio,jdelatourg,167
0f348322-791e-4179-9c44-49acb416ca55,Morten,Wilkennson,mwilkennsonh@abc.net.au,703574975,3,et magnis,mwilkennsonh,19
50041399-404b-4ec9-9a2f-c9968ab87734,Modestia,Rapinett,mrapinetti@nih.gov,381552620,1,platea dictumst,mrapinetti,118
bd882ac5-f9a8-415e-b095-2ed7221d9d85,Skyler,Horsey,shorseyj@reddit.com,633242511,3,consequat,shorseyj,10
2db6e11d-5381-4f22-8b54-cabd48078202,Erasmus,Slarke,eslarkek@jugem.jp,648040379,3,velit,eslarkek,132
77e61ccc-b7bb-4d53-92bb-76b041f17a92,Dru,MacAree,dmacareel@cisco.com,520525831,0,viverra,dmacareel,18
397849c0-8669-473f-af50-f78f5b97bf53,Ethan,Windrum,ewindrumm@go.com,823234547,1,donec,ewindrumm,24
7f7875bb-76aa-4088-a45a-768e645388a8,Lilas,Mavin,lmavinn@google.cn,112185897,0,congue elementum,lmavinn,124
0e828594-5797-421a-b2db-f8a10d61ce19,Engracia,Eplett,eepletto@zdnet.com,950524521,3,pulvinar,eepletto,17
43f00c91-add6-4c80-892b-3abe42de25a0,Vere,Mangeot,vmangeotp@biglobe.ne.jp,173434150,3,vel accumsan,vmangeotp,95
177d6b60-3286-4913-a579-72e0387f07d3,Barn,Collens,bcollensq@independent.co.uk,971132513,2,primis,bcollensq,62
84788d9c-19c0-40c9-9a98-44df73fa4d9b,Eldridge,Manginot,emanginotr@soup.io,726334450,0,ultrices posuere,emanginotr,17
2bfe9a81-bf01-44df-b456-be54c42325f4,Bell,Banghe,bbanghes@infoseek.co.jp,684633622,1,luctus rutrum,bbanghes,182
ab77c9f5-5dea-46a7-9bd7-acad89ca14af,Oliviero,Ceyssen,oceyssent@github.com,432264829,1,nec,oceyssent,95
47e14b39-3c8a-410e-b9ab-a06fcf8d4825,Miles,Blaasch,mblaaschu@domainmarket.com,837283719,0,orci,mblaaschu,149
50fa1c6d-cd88-42f9-af37-e3cb9109b84c,Simonne,Karpol,skarpolv@fastcompany.com,889426076,1,sodales,skarpolv,125
c6fef2cf-1965-4904-91ff-53c36072c7ac,Elsey,Dumingo,edumingow@bbb.org,847928524,0,erat,edumingow,65
6876943e-e718-40b6-bd42-1bf5fd6cccb4,Renee,Edmons,redmonsx@oakley.com,409135970,2,potenti nullam,redmonsx,123
4bd6a9db-ee6d-49e4-bbce-f4c9719bb04e,Rafaellle,Fairlie,rfairliey@webeden.co.uk,891515584,1,vitae,rfairliey,120
74b42f78-a683-428d-9c33-f96c08dcc77f,Gordon,O'Dowling,godowlingz@webs.com,189810661,1,hendrerit at,godowlingz,198
d41952fa-55cf-45a0-9d43-317c6465ad56,Aloin,Clamp,aclamp10@yale.edu,648489787,0,risus auctor,aclamp10,172
4768c726-91cb-4e75-b8cb-99e4bbc477a4,Orson,Howison,ohowison11@quantcast.com,426141588,0,ornare,ohowison11,155
0b726acb-30a3-49cb-b7ed-4eccbea9e328,Marion,Body,mbody12@reuters.com,342823102,2,rhoncus,mbody12,197
0fbc5708-8ed8-4aa7-bef1-ae924a87b2a4,Yetty,Dunkerton,ydunkerton13@ucsd.edu,552046623,1,turpis,ydunkerton13,79
d1cf43ee-0e7d-48d8-930f-ab34b06d2214,Blanca,Lowth,blowth14@t-online.de,219315351,0,mattis odio,blowth14,148
e6eb043c-7907-4190-8811-d6f8a8ad2cce,Kyrstin,Griffith,kgriffith15@dailymail.co.uk,653093933,1,ac,kgriffith15,55
30728148-f951-4bc5-85cb-b00aeb5cae88,Foster,McGebenay,fmcgebenay16@walmart.com,971231192,3,elementum,fmcgebenay16,127
5a712def-45cc-49d1-ba79-3968c0ce7679,Merl,Dullingham,mdullingham17@drupal.org,981019627,0,quis orci,mdullingham17,56
eb4c110e-6bcf-443a-b4eb-fa409089bf00,Bobinette,Brissenden,bbrissenden18@gnu.org,605061419,3,vel dapibus,bbrissenden18,37
df01ab37-7ad5-4740-8f31-624b8e00744a,Rayner,Dobrowlski,rdobrowlski19@noaa.gov,844062610,0,morbi,rdobrowlski19,109
30a70209-ae66-4a11-a35b-ab3d534053f9,Laurene,Sambrok,lsambrok1a@engadget.com,939176062,0,condimentum,lsambrok1a,100
0812396f-0b71-4d4a-9672-1b7281d7283f,Earlie,Wysome,ewysome1b@about.me,932435527,2,metus,ewysome1b,157
1a225899-8b78-4c23-bca2-29d58d85c23d,Buckie,Simukov,bsimukov1c@privacy.gov.au,676102838,3,amet,bsimukov1c,184
9265be1d-2aa5-47d6-b7f1-d498a8a8dc14,Cathrine,Hugh,chugh1d@photobucket.com,652772400,0,ornare,chugh1d,36
bf124cb2-08c0-4e28-933a-abba738ec24c,Ewelina,Nowak,nowak@onet.com,345324765,4,null,nowak#4567,50
9e89859e-45d6-4e41-b38f-55e0340f0706,Szymon,Piekarz,szymbo@gmail.com,565437987,4,null,dis,80
